{
  "n": 6,
  "acc_ml": 0.3333333333333333,
  "acc_boosted": 0.8333333333333334,
  "improved": 3,
  "worse": 0
}